timestamp,prompt_id,model_config_id,model_name,dataset_name
2025-06-10T14:39:01.367983,00da1692703162d5,,meta-llama/llama-3.1-8b-instruct,fed_speaker_extraction
2025-06-10T14:39:04.764508,5fe69cc37aa19687,,meta-llama/llama-3.1-8b-instruct,fed_speaker_extraction
2025-06-10T14:39:06.654147,d6e33bec2a1ca077,,meta-llama/llama-3.1-8b-instruct,fed_speaker_extraction
2025-06-10T14:39:08.839777,f320199437585296,,meta-llama/llama-3.1-8b-instruct,fed_speaker_extraction
2025-06-10T14:39:10.890848,6a63cfe6ebc68f2e,,meta-llama/llama-3.1-8b-instruct,fed_speaker_extraction
2025-06-10T14:39:12.791456,edbc62319630b746,,meta-llama/llama-3.1-8b-instruct,fed_speaker_extraction
2025-06-10T14:39:14.684300,e0455408a828aaed,,meta-llama/llama-3.1-8b-instruct,fed_speaker_extraction
2025-06-10T14:39:17.364911,7b30d84423c0aaa3,,meta-llama/llama-3.1-8b-instruct,fed_speaker_extraction
2025-06-10T14:39:19.102297,100992d4c854c525,,meta-llama/llama-3.1-8b-instruct,fed_speaker_extraction
2025-06-10T14:39:20.686595,bd05c96b44af408b,,meta-llama/llama-3.1-8b-instruct,fed_speaker_extraction
2025-06-10T14:39:22.107421,939011101d9cd497,,meta-llama/llama-3.1-8b-instruct,fed_speaker_extraction
2025-06-10T14:39:23.601910,bc780627fc89c884,,meta-llama/llama-3.1-8b-instruct,fed_speaker_extraction
2025-06-10T14:39:25.245710,3ff7fd7be5d9cddb,,meta-llama/llama-3.1-8b-instruct,fed_speaker_extraction
2025-06-10T14:39:26.838191,55e3304544367fd6,,meta-llama/llama-3.1-8b-instruct,fed_speaker_extraction
2025-06-10T14:39:28.285798,a855e18e93a9c921,,meta-llama/llama-3.1-8b-instruct,fed_speaker_extraction
2025-06-10T14:39:29.968832,baf183b2b196cb21,,meta-llama/llama-3.1-8b-instruct,fed_speaker_extraction
2025-06-10T14:39:31.754710,e00b8d16c8f10b2f,,meta-llama/llama-3.1-8b-instruct,fed_speaker_extraction
2025-06-10T14:39:33.053741,37ae1a36926a2c65,,meta-llama/llama-3.1-8b-instruct,fed_speaker_extraction
2025-06-10T14:39:34.638595,2cf5fbd1fcf18f45,,meta-llama/llama-3.1-8b-instruct,fed_speaker_extraction
2025-06-10T14:39:36.339179,1ef59cc84c9479d7,,meta-llama/llama-3.1-8b-instruct,fed_speaker_extraction
2025-06-10T14:39:38.113764,bde867eee74de13a,,meta-llama/llama-3.1-8b-instruct,fed_speaker_extraction
2025-06-10T14:39:40.025879,3ffd5aea0d475e71,,meta-llama/llama-3.1-8b-instruct,fed_speaker_extraction
2025-06-10T14:39:42.229271,2f8b292f6e166d42,,meta-llama/llama-3.1-8b-instruct,fed_speaker_extraction
2025-06-10T14:39:44.454132,cb0b6415af254f76,,meta-llama/llama-3.1-8b-instruct,fed_speaker_extraction
2025-06-10T14:39:45.985879,3df131e595d51d5e,,meta-llama/llama-3.1-8b-instruct,fed_speaker_extraction
2025-06-10T14:39:47.510612,c34dc40d9bbf6de0,,meta-llama/llama-3.1-8b-instruct,fed_speaker_extraction
2025-06-10T14:39:49.925181,b961761054edd788,,meta-llama/llama-3.1-8b-instruct,fed_speaker_extraction
2025-06-10T14:39:51.724074,48eee0e04bbdaa35,,meta-llama/llama-3.1-8b-instruct,fed_speaker_extraction
2025-06-10T14:39:53.941661,8fa42166329082c4,,meta-llama/llama-3.1-8b-instruct,fed_speaker_extraction
2025-06-10T14:39:55.545797,234993f8b8178ada,,meta-llama/llama-3.1-8b-instruct,fed_speaker_extraction
2025-06-10T14:39:57.322660,f1a36a59dcc54cbb,,meta-llama/llama-3.1-8b-instruct,fed_speaker_extraction
2025-06-10T14:39:58.623957,982810df45e872b0,,meta-llama/llama-3.1-8b-instruct,fed_speaker_extraction
2025-06-10T14:40:00.428515,8201eac00ea06fbf,,meta-llama/llama-3.1-8b-instruct,fed_speaker_extraction
2025-06-10T14:40:02.591834,9d922395bf56cc06,,meta-llama/llama-3.1-8b-instruct,fed_speaker_extraction
2025-06-10T14:40:04.508181,439a425b67469cb9,,meta-llama/llama-3.1-8b-instruct,fed_speaker_extraction
2025-06-10T14:40:06.350559,94c31d16ebd39d51,,meta-llama/llama-3.1-8b-instruct,fed_speaker_extraction
2025-06-10T14:40:08.191875,1d084df9c19d2c79,,meta-llama/llama-3.1-8b-instruct,fed_speaker_extraction
2025-06-10T14:40:09.424360,0f00066fd4b4ec10,,meta-llama/llama-3.1-8b-instruct,fed_speaker_extraction
2025-06-10T14:40:10.865755,710e83b5aea15de0,,meta-llama/llama-3.1-8b-instruct,fed_speaker_extraction
2025-06-10T14:40:12.604467,46a630d94451453e,,meta-llama/llama-3.1-8b-instruct,fed_speaker_extraction
2025-06-10T14:40:14.685667,adf50dba783a597f,,meta-llama/llama-3.1-8b-instruct,fed_speaker_extraction
2025-06-10T14:40:15.895757,81f49f2bfc5be3e2,,meta-llama/llama-3.1-8b-instruct,fed_speaker_extraction
2025-06-10T14:40:17.927923,46859d6dfc629be7,,meta-llama/llama-3.1-8b-instruct,fed_speaker_extraction
2025-06-10T14:40:19.748104,80407b21127426c1,,meta-llama/llama-3.1-8b-instruct,fed_speaker_extraction
2025-06-10T14:40:21.427849,9633c0bea2b59f2c,,meta-llama/llama-3.1-8b-instruct,fed_speaker_extraction
2025-06-10T14:40:23.711051,182de4a4fa27f0f2,,meta-llama/llama-3.1-8b-instruct,fed_speaker_extraction
2025-06-10T14:40:25.111320,a7fcc3af9503bfe8,,meta-llama/llama-3.1-8b-instruct,fed_speaker_extraction
2025-06-10T14:55:21.096585,74ffe36e424aec4b,,openai/gpt-4o-mini,fed_speaker_extraction
2025-06-10T14:55:25.197006,709ff74f3653a7a9,,openai/gpt-4o-mini,fed_speaker_extraction
2025-06-10T14:55:27.934855,fad9960b74bfd67a,,openai/gpt-4o-mini,fed_speaker_extraction
2025-06-10T14:55:29.184018,0646b2bf874639fc,,openai/gpt-4o-mini,fed_speaker_extraction
2025-06-10T14:55:30.373748,14b272ef3574ee22,,openai/gpt-4o-mini,fed_speaker_extraction
2025-06-10T14:55:31.873641,21e764973c16a212,,openai/gpt-4o-mini,fed_speaker_extraction
2025-06-10T14:55:33.428055,e52e907c96a9a3c3,,openai/gpt-4o-mini,fed_speaker_extraction
2025-06-10T14:55:35.554949,cc1c65b4afea6b9f,,openai/gpt-4o-mini,fed_speaker_extraction
2025-06-10T14:55:36.926067,d434ffb084dacadf,,openai/gpt-4o-mini,fed_speaker_extraction
2025-06-10T14:55:38.913939,ac8ffcc84bb86f92,,openai/gpt-4o-mini,fed_speaker_extraction
2025-06-10T14:55:42.576150,672c13382d8672a1,,openai/gpt-4o-mini,fed_speaker_extraction
2025-06-10T14:55:44.460892,891a7a548d9d0264,,openai/gpt-4o-mini,fed_speaker_extraction
2025-06-10T14:55:45.678921,48cdb6a4cb5f88b4,,openai/gpt-4o-mini,fed_speaker_extraction
2025-06-10T14:55:47.288440,a98f93e21319e2e2,,openai/gpt-4o-mini,fed_speaker_extraction
2025-06-10T14:55:51.416726,488c4a3e21e604d3,,openai/gpt-4o-mini,fed_speaker_extraction
2025-06-10T14:55:53.166611,f6e37d49de03d0d6,,openai/gpt-4o-mini,fed_speaker_extraction
2025-06-10T14:55:54.519278,d2a907b23d970ede,,openai/gpt-4o-mini,fed_speaker_extraction
2025-06-10T14:55:56.212795,ef861b046ecbdad0,,openai/gpt-4o-mini,fed_speaker_extraction
2025-06-10T14:55:57.673590,dcc57af9f07fa8f5,,openai/gpt-4o-mini,fed_speaker_extraction
2025-06-10T14:55:59.145603,e2dfde9e8ad3e595,,openai/gpt-4o-mini,fed_speaker_extraction
2025-06-10T14:56:01.193069,03692ea3e57a54d9,,openai/gpt-4o-mini,fed_speaker_extraction
2025-06-10T14:56:02.696810,de4d64f08312dea6,,openai/gpt-4o-mini,fed_speaker_extraction
2025-06-10T14:56:04.049061,4ffab80a7b660d5d,,openai/gpt-4o-mini,fed_speaker_extraction
2025-06-10T14:56:05.162399,395f7e7cd6cd3d10,,openai/gpt-4o-mini,fed_speaker_extraction
2025-06-10T14:56:07.777232,e22e6099fd33ad56,,openai/gpt-4o-mini,fed_speaker_extraction
2025-06-10T14:56:09.396193,5a873cd54f98ac0d,,openai/gpt-4o-mini,fed_speaker_extraction
2025-06-10T14:56:10.911581,850b8ca45dee92f7,,openai/gpt-4o-mini,fed_speaker_extraction
2025-06-10T14:56:12.582865,3d346b5a45b46388,,openai/gpt-4o-mini,fed_speaker_extraction
2025-06-10T14:56:14.162317,ad42353e4ae04e45,,openai/gpt-4o-mini,fed_speaker_extraction
2025-06-10T14:56:15.435436,cca5adad9611ccdc,,openai/gpt-4o-mini,fed_speaker_extraction
2025-06-10T14:56:44.612527,03692ea3e57a54d9,,google/gemini-flash-1.5-8b,fed_speaker_extraction
2025-06-10T14:56:46.375451,de4d64f08312dea6,,google/gemini-flash-1.5-8b,fed_speaker_extraction
2025-06-10T14:56:47.287986,4ffab80a7b660d5d,,google/gemini-flash-1.5-8b,fed_speaker_extraction
2025-06-10T14:56:48.270367,395f7e7cd6cd3d10,,google/gemini-flash-1.5-8b,fed_speaker_extraction
2025-06-10T14:56:49.518705,e22e6099fd33ad56,,google/gemini-flash-1.5-8b,fed_speaker_extraction
2025-06-10T14:56:50.480973,5a873cd54f98ac0d,,google/gemini-flash-1.5-8b,fed_speaker_extraction
2025-06-10T14:56:51.566915,850b8ca45dee92f7,,google/gemini-flash-1.5-8b,fed_speaker_extraction
2025-06-10T14:56:52.620371,3d346b5a45b46388,,google/gemini-flash-1.5-8b,fed_speaker_extraction
2025-06-10T14:56:53.686625,ad42353e4ae04e45,,google/gemini-flash-1.5-8b,fed_speaker_extraction
2025-06-10T14:56:54.746603,cca5adad9611ccdc,,google/gemini-flash-1.5-8b,fed_speaker_extraction
2025-06-10T14:56:55.836054,a8ddc0d9fce64d6f,,google/gemini-flash-1.5-8b,fed_speaker_extraction
2025-06-10T14:56:57.836489,27c16c368aee2f7b,,google/gemini-flash-1.5-8b,fed_speaker_extraction
2025-06-10T14:56:58.797879,8222630aa9311aec,,google/gemini-flash-1.5-8b,fed_speaker_extraction
2025-06-10T14:56:59.757928,6a8dcfd66edab8b7,,google/gemini-flash-1.5-8b,fed_speaker_extraction
2025-06-10T14:57:00.976210,c2be713c13548dfe,,google/gemini-flash-1.5-8b,fed_speaker_extraction
2025-06-10T14:57:01.900878,55f81253a43603df,,google/gemini-flash-1.5-8b,fed_speaker_extraction
2025-06-10T14:57:02.845248,9e2e7781a48c24dd,,google/gemini-flash-1.5-8b,fed_speaker_extraction
2025-06-10T14:57:03.998186,aeef0f26b9c8e6e2,,google/gemini-flash-1.5-8b,fed_speaker_extraction
2025-06-10T14:57:04.910451,0123533909f58ff4,,google/gemini-flash-1.5-8b,fed_speaker_extraction
2025-06-10T14:57:06.048179,2b1c0067c179b24d,,google/gemini-flash-1.5-8b,fed_speaker_extraction
2025-06-10T14:57:07.036564,6633ae2c5dd7feb9,,google/gemini-flash-1.5-8b,fed_speaker_extraction
2025-06-10T14:57:08.646772,5ec3d4203b1ad268,,google/gemini-flash-1.5-8b,fed_speaker_extraction
2025-06-10T14:57:09.388162,37bef8474d33a732,,google/gemini-flash-1.5-8b,fed_speaker_extraction
2025-06-10T14:57:10.108883,41695fe00a9d9da5,,google/gemini-flash-1.5-8b,fed_speaker_extraction
2025-06-10T14:57:10.598617,6308f8db2bc9758b,,google/gemini-flash-1.5-8b,fed_speaker_extraction
2025-06-10T14:57:11.867187,e748b73911cbe31f,,google/gemini-flash-1.5-8b,fed_speaker_extraction
2025-06-10T14:57:13.007882,44c57504b7a589b4,,google/gemini-flash-1.5-8b,fed_speaker_extraction
2025-06-10T14:57:13.989902,397a2d5b0edd41b4,,google/gemini-flash-1.5-8b,fed_speaker_extraction
2025-06-10T14:57:15.156556,c2ed3878c076593c,,google/gemini-flash-1.5-8b,fed_speaker_extraction
2025-06-10T14:57:16.120762,25bb175ef25ffac9,,google/gemini-flash-1.5-8b,fed_speaker_extraction
2025-06-10T14:57:17.143429,97f043c3b97c7ab0,,google/gemini-flash-1.5-8b,fed_speaker_extraction
2025-06-10T14:57:18.220689,cdf95bf530eeb8da,,google/gemini-flash-1.5-8b,fed_speaker_extraction
2025-06-10T14:57:19.286491,9eea16fa79e4b6b0,,google/gemini-flash-1.5-8b,fed_speaker_extraction
2025-06-10T14:57:20.304404,be73a0a6c5bf96a9,,google/gemini-flash-1.5-8b,fed_speaker_extraction
2025-06-10T14:57:21.025739,0c6d52637553a3b1,,google/gemini-flash-1.5-8b,fed_speaker_extraction
2025-06-10T14:57:21.706341,2f03bf7aa27c759c,,google/gemini-flash-1.5-8b,fed_speaker_extraction
2025-06-10T14:57:22.822909,bd593d7d0a924183,,google/gemini-flash-1.5-8b,fed_speaker_extraction
2025-06-10T14:57:23.739441,23a058ed01e3e8b9,,google/gemini-flash-1.5-8b,fed_speaker_extraction
2025-06-10T14:57:24.733648,5967034bf29faf3c,,google/gemini-flash-1.5-8b,fed_speaker_extraction
2025-06-10T14:57:25.798838,fbe1a182a7beea09,,google/gemini-flash-1.5-8b,fed_speaker_extraction
2025-06-10T14:57:26.892687,5c89ac116558ce65,,google/gemini-flash-1.5-8b,fed_speaker_extraction
2025-06-10T14:57:27.836698,632e172be4d2819d,,google/gemini-flash-1.5-8b,fed_speaker_extraction
2025-06-10T14:57:28.944072,a6c6383746ddb323,,google/gemini-flash-1.5-8b,fed_speaker_extraction
2025-06-10T14:57:30.922495,dc5349e945c9aeda,,google/gemini-flash-1.5-8b,fed_speaker_extraction
2025-06-10T14:57:31.895518,9a8e987aee9b42d6,,google/gemini-flash-1.5-8b,fed_speaker_extraction
2025-06-10T14:57:32.940209,29f8a830179fe38c,,google/gemini-flash-1.5-8b,fed_speaker_extraction
2025-06-10T14:57:34.111732,d6a5eba7fb85464a,,google/gemini-flash-1.5-8b,fed_speaker_extraction
2025-06-10T14:57:35.211156,0a63d484b8930d7a,,google/gemini-flash-1.5-8b,fed_speaker_extraction
2025-06-10T14:57:36.190499,d67efad3d69a04b6,,google/gemini-flash-1.5-8b,fed_speaker_extraction
2025-06-10T14:57:36.922891,4e805b57df449fc1,,google/gemini-flash-1.5-8b,fed_speaker_extraction
2025-06-10T14:57:40.161943,551c686583c3b5b9,,google/gemini-flash-1.5-8b,fed_speaker_extraction
2025-06-10T14:57:40.944519,f990ece9a4354974,,google/gemini-flash-1.5-8b,fed_speaker_extraction
2025-06-10T14:57:41.558193,614cabc70c6d2576,,google/gemini-flash-1.5-8b,fed_speaker_extraction
2025-06-10T14:57:42.423387,ef25fb1df7d22bb5,,google/gemini-flash-1.5-8b,fed_speaker_extraction
2025-06-10T14:57:43.199537,45927b044803a546,,google/gemini-flash-1.5-8b,fed_speaker_extraction
2025-06-10T14:57:44.246362,48dd44f4de936d25,,google/gemini-flash-1.5-8b,fed_speaker_extraction
2025-06-10T14:57:45.483581,a35eee8f02165027,,google/gemini-flash-1.5-8b,fed_speaker_extraction
2025-06-10T14:57:46.358710,2c0f1899949c663a,,google/gemini-flash-1.5-8b,fed_speaker_extraction
2025-06-10T14:57:47.571321,a802b3259e916ad2,,google/gemini-flash-1.5-8b,fed_speaker_extraction
2025-06-10T14:57:48.417464,479b4244443bff5d,,google/gemini-flash-1.5-8b,fed_speaker_extraction
2025-06-10T14:57:49.427831,cfcf392ea18868a3,,google/gemini-flash-1.5-8b,fed_speaker_extraction
2025-06-10T14:57:50.570589,a917b9e3fb7bfee8,,google/gemini-flash-1.5-8b,fed_speaker_extraction
2025-06-10T14:57:51.723683,8061a9eba763fb89,,google/gemini-flash-1.5-8b,fed_speaker_extraction
2025-06-10T14:57:52.708372,6d1887c378313374,,google/gemini-flash-1.5-8b,fed_speaker_extraction
2025-06-10T14:57:53.679792,65e2497b62e61a24,,google/gemini-flash-1.5-8b,fed_speaker_extraction
2025-06-10T14:57:54.756573,65f2fcf2360555ea,,google/gemini-flash-1.5-8b,fed_speaker_extraction
2025-06-10T14:57:55.305761,bc5bac03e8c42261,,google/gemini-flash-1.5-8b,fed_speaker_extraction
2025-06-10T14:57:55.928364,eb6207d5d24e4c27,,google/gemini-flash-1.5-8b,fed_speaker_extraction
2025-06-10T14:57:57.028504,5384b8693d5e19b5,,google/gemini-flash-1.5-8b,fed_speaker_extraction
2025-06-10T14:57:57.995381,e4203f7e9c5c0ca4,,google/gemini-flash-1.5-8b,fed_speaker_extraction
2025-06-10T14:57:59.116877,5a7dd22d6e431020,,google/gemini-flash-1.5-8b,fed_speaker_extraction
2025-06-10T14:58:00.247796,e8cb147b3d183455,,google/gemini-flash-1.5-8b,fed_speaker_extraction
2025-06-10T14:58:01.128180,d416a53c8d99c0c9,,google/gemini-flash-1.5-8b,fed_speaker_extraction
2025-06-10T14:58:03.201151,21c0007766bf88e5,,google/gemini-flash-1.5-8b,fed_speaker_extraction
2025-06-10T14:58:04.158294,836fe8e3f6a65ccc,,google/gemini-flash-1.5-8b,fed_speaker_extraction
2025-06-10T14:58:05.258174,bb3ee36ec4a3dac3,,google/gemini-flash-1.5-8b,fed_speaker_extraction
2025-06-10T14:58:06.363995,2fe87927f657c2cc,,google/gemini-flash-1.5-8b,fed_speaker_extraction
2025-06-10T14:58:07.284886,c36708a53f29ec9e,,google/gemini-flash-1.5-8b,fed_speaker_extraction
2025-06-10T14:58:08.139184,3b9ed841d9e8b38d,,google/gemini-flash-1.5-8b,fed_speaker_extraction
2025-06-10T14:58:09.419984,0bb57c363cd9882d,,google/gemini-flash-1.5-8b,fed_speaker_extraction
2025-06-10T14:58:10.429863,033ac1a26fb8946f,,google/gemini-flash-1.5-8b,fed_speaker_extraction
2025-06-10T14:58:11.448102,64bd7e422666d56a,,google/gemini-flash-1.5-8b,fed_speaker_extraction
2025-06-10T14:58:12.518743,383f827f3e35965a,,google/gemini-flash-1.5-8b,fed_speaker_extraction
2025-06-10T14:58:13.600616,e7e2274b0171fd72,,google/gemini-flash-1.5-8b,fed_speaker_extraction
2025-06-10T14:58:14.764360,82483031c8cc7dab,,google/gemini-flash-1.5-8b,fed_speaker_extraction
2025-06-10T14:58:15.725740,a29f17b347b23007,,google/gemini-flash-1.5-8b,fed_speaker_extraction
2025-06-10T14:58:16.750976,2aff76a2b10bcba3,,google/gemini-flash-1.5-8b,fed_speaker_extraction
2025-06-10T14:58:17.403541,6836b42c7326cdd3,,google/gemini-flash-1.5-8b,fed_speaker_extraction
2025-06-10T14:58:18.069469,64a9829a89a0d6c7,,google/gemini-flash-1.5-8b,fed_speaker_extraction
2025-06-10T14:58:19.095644,8485192a53ee2fd8,,google/gemini-flash-1.5-8b,fed_speaker_extraction
2025-06-10T14:58:20.172499,eed90d20353d6b4e,,google/gemini-flash-1.5-8b,fed_speaker_extraction
2025-06-10T14:58:21.221391,438506f7a7c0e134,,google/gemini-flash-1.5-8b,fed_speaker_extraction
2025-06-10T14:58:22.248981,ecc18e270f7a410f,,google/gemini-flash-1.5-8b,fed_speaker_extraction
2025-06-10T14:58:23.196807,bb9c36a269f62ddd,,google/gemini-flash-1.5-8b,fed_speaker_extraction
2025-06-10T14:58:24.579887,118bae4497f68e94,,google/gemini-flash-1.5-8b,fed_speaker_extraction
2025-06-10T14:58:25.390607,47c27bab633b6d9c,,google/gemini-flash-1.5-8b,fed_speaker_extraction
2025-06-10T14:58:26.425751,a1f3e48786bc73fa,,google/gemini-flash-1.5-8b,fed_speaker_extraction
2025-06-10T14:58:27.438600,7d274b03976e108b,,google/gemini-flash-1.5-8b,fed_speaker_extraction
2025-06-10T14:58:28.594538,ae6a83d1b4b58ce2,,google/gemini-flash-1.5-8b,fed_speaker_extraction
2025-06-10T14:58:29.552456,c807bf4e2c795e47,,google/gemini-flash-1.5-8b,fed_speaker_extraction
2025-06-10T14:58:30.597885,c33aac76ffd46276,,google/gemini-flash-1.5-8b,fed_speaker_extraction
2025-06-10T14:58:31.636425,6556b8bc949ec2ff,,google/gemini-flash-1.5-8b,fed_speaker_extraction
2025-06-10T14:58:32.681900,6656be8c0886c6f6,,google/gemini-flash-1.5-8b,fed_speaker_extraction
2025-06-10T14:58:33.786434,88c7db50d4c50252,,google/gemini-flash-1.5-8b,fed_speaker_extraction
2025-06-10T14:58:34.767220,c8d29d1238ad5c71,,google/gemini-flash-1.5-8b,fed_speaker_extraction
2025-06-10T14:58:36.673166,8d8be84ca1bb81ec,,google/gemini-flash-1.5-8b,fed_speaker_extraction
2025-06-10T14:58:37.345215,586755fe22f06cbd,,google/gemini-flash-1.5-8b,fed_speaker_extraction
2025-06-10T14:58:38.005568,d2d89915d85c31e8,,google/gemini-flash-1.5-8b,fed_speaker_extraction
2025-06-10T14:58:38.984685,add4034a6b58aae1,,google/gemini-flash-1.5-8b,fed_speaker_extraction
2025-06-10T14:58:40.131383,46f3b3604202203c,,google/gemini-flash-1.5-8b,fed_speaker_extraction
2025-06-10T14:58:41.194504,79e2a68702d1522a,,google/gemini-flash-1.5-8b,fed_speaker_extraction
2025-06-10T14:58:42.438528,2a99bb072b2dc726,,google/gemini-flash-1.5-8b,fed_speaker_extraction
2025-06-10T14:58:43.306012,2ddfbca1d36ae18f,,google/gemini-flash-1.5-8b,fed_speaker_extraction
2025-06-10T14:58:44.409364,8607593a8f216393,,google/gemini-flash-1.5-8b,fed_speaker_extraction
2025-06-10T14:58:45.311107,e990203e5d61d6e7,,google/gemini-flash-1.5-8b,fed_speaker_extraction
2025-06-10T14:58:46.404299,c00bf8774f89cf2b,,google/gemini-flash-1.5-8b,fed_speaker_extraction
2025-06-10T14:58:47.358573,4e5c1ce8bab15d08,,google/gemini-flash-1.5-8b,fed_speaker_extraction
2025-06-10T14:58:48.431657,e1f7552c5408c2cc,,google/gemini-flash-1.5-8b,fed_speaker_extraction
2025-06-10T14:58:49.479862,3e78e3395dc2999e,,google/gemini-flash-1.5-8b,fed_speaker_extraction
2025-06-10T14:58:50.627829,8d2bc9c99121f5e8,,google/gemini-flash-1.5-8b,fed_speaker_extraction
2025-06-10T14:58:51.619057,de19cae79aa2baa2,,google/gemini-flash-1.5-8b,fed_speaker_extraction
2025-06-10T14:58:52.658182,a2ae031789c7bb9d,,google/gemini-flash-1.5-8b,fed_speaker_extraction
2025-06-10T14:58:53.802425,9052a1e25d2e297e,,google/gemini-flash-1.5-8b,fed_speaker_extraction
2025-06-10T14:58:54.732160,79e5f797462ef87c,,google/gemini-flash-1.5-8b,fed_speaker_extraction
2025-06-10T14:58:55.370060,ea1cf102ff3a8e64,,google/gemini-flash-1.5-8b,fed_speaker_extraction
2025-06-10T14:58:56.515025,4a779218e7b512f3,,google/gemini-flash-1.5-8b,fed_speaker_extraction
2025-06-10T14:58:57.315635,0c53ab8192fbb161,,google/gemini-flash-1.5-8b,fed_speaker_extraction
2025-06-10T14:58:58.664728,bc8e0a9d06445f73,,google/gemini-flash-1.5-8b,fed_speaker_extraction
2025-06-10T14:58:59.248690,6ade9bc77994e864,,google/gemini-flash-1.5-8b,fed_speaker_extraction
2025-06-10T14:59:00.375978,9594c35bd8d0ab96,,google/gemini-flash-1.5-8b,fed_speaker_extraction
2025-06-10T14:59:01.513679,a2c28dedcb9adbea,,google/gemini-flash-1.5-8b,fed_speaker_extraction
2025-06-10T14:59:02.526935,310d9646e1b485e5,,google/gemini-flash-1.5-8b,fed_speaker_extraction
2025-06-10T14:59:03.571386,42a6f80568f152f0,,google/gemini-flash-1.5-8b,fed_speaker_extraction
2025-06-10T14:59:04.446803,197212c7b774de04,,google/gemini-flash-1.5-8b,fed_speaker_extraction
2025-06-10T14:59:05.590688,fa5df15c7cba3881,,google/gemini-flash-1.5-8b,fed_speaker_extraction
2025-06-10T14:59:06.690817,9c78c14886123f75,,google/gemini-flash-1.5-8b,fed_speaker_extraction
2025-06-10T14:59:07.676974,03c9705a2f1a64a7,,google/gemini-flash-1.5-8b,fed_speaker_extraction
2025-06-10T14:59:09.637317,21df48abcbb8d855,,google/gemini-flash-1.5-8b,fed_speaker_extraction
2025-06-10T14:59:10.761993,61fb4010e3b3ff39,,google/gemini-flash-1.5-8b,fed_speaker_extraction
2025-06-10T14:59:11.492022,0fc0166c0a43c2d3,,google/gemini-flash-1.5-8b,fed_speaker_extraction
2025-06-10T14:59:12.263373,3ed0ac7d83f2d5d1,,google/gemini-flash-1.5-8b,fed_speaker_extraction
2025-06-10T14:59:13.238838,08b12872944070e5,,google/gemini-flash-1.5-8b,fed_speaker_extraction
2025-06-10T14:59:14.222886,59c7a1583e9d5b17,,google/gemini-flash-1.5-8b,fed_speaker_extraction
2025-06-10T14:59:15.405841,de9de4943b10a906,,google/gemini-flash-1.5-8b,fed_speaker_extraction
2025-06-10T14:59:16.455644,866cae8abbdea99d,,google/gemini-flash-1.5-8b,fed_speaker_extraction
2025-06-10T14:59:17.537971,871d68a0fb5cf892,,google/gemini-flash-1.5-8b,fed_speaker_extraction
2025-06-10T14:59:18.572159,87f84ec0ccaa1b78,,google/gemini-flash-1.5-8b,fed_speaker_extraction
2025-06-10T14:59:19.734321,4a7c5b6e069ec780,,google/gemini-flash-1.5-8b,fed_speaker_extraction
2025-06-10T14:59:20.691189,adf66df220ef3b7f,,google/gemini-flash-1.5-8b,fed_speaker_extraction
2025-06-10T14:59:21.243334,389217dcb2ec5664,,google/gemini-flash-1.5-8b,fed_speaker_extraction
2025-06-10T14:59:21.804462,8ddc5026e3ade30a,,google/gemini-flash-1.5-8b,fed_speaker_extraction
2025-06-10T14:59:22.992138,7a33f84c4e4a0b44,,google/gemini-flash-1.5-8b,fed_speaker_extraction
2025-06-10T14:59:24.102324,2b1f9baf4092255e,,google/gemini-flash-1.5-8b,fed_speaker_extraction
2025-06-10T14:59:25.048703,f8316b433f8e47cf,,google/gemini-flash-1.5-8b,fed_speaker_extraction
2025-06-10T14:59:26.153857,3cba9a8519ac48e0,,google/gemini-flash-1.5-8b,fed_speaker_extraction
2025-06-10T14:59:27.052253,636a9a11a9bd95e4,,google/gemini-flash-1.5-8b,fed_speaker_extraction
2025-06-10T14:59:28.100915,24cd61c559cfe207,,google/gemini-flash-1.5-8b,fed_speaker_extraction
2025-06-10T14:59:29.420814,50f67af6cbe00850,,google/gemini-flash-1.5-8b,fed_speaker_extraction
2025-06-10T14:59:30.154370,64ee426436b7fd42,,google/gemini-flash-1.5-8b,fed_speaker_extraction
2025-06-10T14:59:31.271649,de3ca0fc1a2ad9da,,google/gemini-flash-1.5-8b,fed_speaker_extraction
2025-06-10T14:59:32.464738,24c058d8cbe623a8,,google/gemini-flash-1.5-8b,fed_speaker_extraction
2025-06-10T14:59:33.465336,fdbf1af02b60ef04,,google/gemini-flash-1.5-8b,fed_speaker_extraction
2025-06-10T14:59:34.429461,b93a6f040fd6dee6,,google/gemini-flash-1.5-8b,fed_speaker_extraction
2025-06-10T14:59:35.513539,35fa89277908880c,,google/gemini-flash-1.5-8b,fed_speaker_extraction
2025-06-10T14:59:36.601384,a95bca23aee51b99,,google/gemini-flash-1.5-8b,fed_speaker_extraction
2025-06-10T14:59:37.753401,a6e37d723bf338fc,,google/gemini-flash-1.5-8b,fed_speaker_extraction
2025-06-10T14:59:38.615848,a2665e3a0fb5761a,,google/gemini-flash-1.5-8b,fed_speaker_extraction
2025-06-10T14:59:39.433903,4f51747f102687ed,,google/gemini-flash-1.5-8b,fed_speaker_extraction
2025-06-10T14:59:40.990529,b5700246131596ae,,google/gemini-flash-1.5-8b,fed_speaker_extraction
2025-06-10T14:59:41.515511,c44021b3309ec392,,google/gemini-flash-1.5-8b,fed_speaker_extraction
2025-06-10T14:59:43.941063,c2ead5d76d71f6af,,google/gemini-flash-1.5-8b,fed_speaker_extraction
2025-06-10T14:59:44.623815,14ad6e0808714813,,google/gemini-flash-1.5-8b,fed_speaker_extraction
2025-06-10T14:59:45.787267,6e8a599653fc2b21,,google/gemini-flash-1.5-8b,fed_speaker_extraction
2025-06-10T14:59:46.471352,da6e22eea9566291,,google/gemini-flash-1.5-8b,fed_speaker_extraction
2025-06-10T14:59:47.356466,43762df06c3aacc9,,google/gemini-flash-1.5-8b,fed_speaker_extraction
2025-06-10T14:59:48.250380,f21c842569c81cad,,google/gemini-flash-1.5-8b,fed_speaker_extraction
2025-06-10T14:59:49.281261,4ac6c56efb52bcf1,,google/gemini-flash-1.5-8b,fed_speaker_extraction
2025-06-10T14:59:50.512346,4e35bdfd0a5a0446,,google/gemini-flash-1.5-8b,fed_speaker_extraction
2025-06-10T14:59:51.388134,731bf6a169873755,,google/gemini-flash-1.5-8b,fed_speaker_extraction
2025-06-10T14:59:52.819429,1b61b30e1517fc67,,google/gemini-flash-1.5-8b,fed_speaker_extraction
2025-06-10T14:59:53.730765,ef92c950847309e2,,google/gemini-flash-1.5-8b,fed_speaker_extraction
2025-06-10T14:59:54.619457,9746dd38eb0a14c5,,google/gemini-flash-1.5-8b,fed_speaker_extraction
2025-06-10T14:59:55.660508,afe964f7410513d8,,google/gemini-flash-1.5-8b,fed_speaker_extraction
2025-06-10T14:59:56.530724,ecd5a187ff6d0993,,google/gemini-flash-1.5-8b,fed_speaker_extraction
2025-06-10T14:59:57.723045,9b10bcfa585a151d,,google/gemini-flash-1.5-8b,fed_speaker_extraction
2025-06-10T14:59:58.400317,5236f851c10ae6e1,,google/gemini-flash-1.5-8b,fed_speaker_extraction
2025-06-10T14:59:59.415455,9496d5b5a5c0dc86,,google/gemini-flash-1.5-8b,fed_speaker_extraction
2025-06-10T15:00:00.144335,5920ab9bfcfdbbf5,,google/gemini-flash-1.5-8b,fed_speaker_extraction
2025-06-10T15:00:01.151857,e47d066024b7cd3f,,google/gemini-flash-1.5-8b,fed_speaker_extraction
2025-06-10T15:00:02.165933,2f78f05c8bef0561,,google/gemini-flash-1.5-8b,fed_speaker_extraction
2025-06-10T15:00:03.360188,d7bda213055136eb,,google/gemini-flash-1.5-8b,fed_speaker_extraction
2025-06-10T15:00:04.316650,ed56a17793d045b4,,google/gemini-flash-1.5-8b,fed_speaker_extraction
2025-06-10T15:00:05.312901,c150e190d947ebb9,,google/gemini-flash-1.5-8b,fed_speaker_extraction
2025-06-10T15:00:06.363582,ec053f32d4ed21a9,,google/gemini-flash-1.5-8b,fed_speaker_extraction
2025-06-10T15:00:07.604647,68c560ac4fa43a99,,google/gemini-flash-1.5-8b,fed_speaker_extraction
2025-06-10T15:00:08.430552,3a22ca15c0e659a0,,google/gemini-flash-1.5-8b,fed_speaker_extraction
2025-06-10T15:00:09.493872,82ceba50925cfb07,,google/gemini-flash-1.5-8b,fed_speaker_extraction
2025-06-10T15:00:10.625731,ada3ddc18f442679,,google/gemini-flash-1.5-8b,fed_speaker_extraction
2025-06-10T15:00:11.495414,5b72d10a52c1bc2b,,google/gemini-flash-1.5-8b,fed_speaker_extraction
2025-06-10T15:00:12.752772,13845110f564e4bd,,google/gemini-flash-1.5-8b,fed_speaker_extraction
2025-06-10T15:00:13.799108,6a220c7513cbd56c,,google/gemini-flash-1.5-8b,fed_speaker_extraction
2025-06-10T15:00:14.490893,2f15e9a4f9051c3f,,google/gemini-flash-1.5-8b,fed_speaker_extraction
2025-06-10T15:00:16.029156,eae15fd2f980f501,,google/gemini-flash-1.5-8b,fed_speaker_extraction
2025-06-10T15:00:17.024682,0b4b212834c59b37,,google/gemini-flash-1.5-8b,fed_speaker_extraction
2025-06-10T15:00:18.202431,71656a627e051630,,google/gemini-flash-1.5-8b,fed_speaker_extraction
2025-06-10T15:00:19.314215,6ed4b1a77e01d3f9,,google/gemini-flash-1.5-8b,fed_speaker_extraction
2025-06-10T15:00:20.231745,6c1a72a1b5bc4e80,,google/gemini-flash-1.5-8b,fed_speaker_extraction
2025-06-10T15:00:21.269139,0cbc403bfdd3eb26,,google/gemini-flash-1.5-8b,fed_speaker_extraction
2025-06-10T15:00:22.300294,155a246efdbfa0bb,,google/gemini-flash-1.5-8b,fed_speaker_extraction
2025-06-10T15:00:23.438072,539ddc10381af367,,google/gemini-flash-1.5-8b,fed_speaker_extraction
2025-06-10T15:00:24.519287,c334bfcc50152508,,google/gemini-flash-1.5-8b,fed_speaker_extraction
2025-06-10T15:00:25.525239,2f4b190547238e95,,google/gemini-flash-1.5-8b,fed_speaker_extraction
2025-06-10T15:00:26.511561,209b0f12e482a76f,,google/gemini-flash-1.5-8b,fed_speaker_extraction
2025-06-10T15:00:27.655411,0cb62ac3c7455967,,google/gemini-flash-1.5-8b,fed_speaker_extraction
2025-06-10T15:00:28.598404,a09d5211b045921e,,google/gemini-flash-1.5-8b,fed_speaker_extraction
2025-06-10T15:00:29.163828,844cfcfa7602844a,,google/gemini-flash-1.5-8b,fed_speaker_extraction
2025-06-10T15:00:29.760767,9b89d6c09175ccdf,,google/gemini-flash-1.5-8b,fed_speaker_extraction
2025-06-10T15:00:30.904431,b153d1cec8bd94f3,,google/gemini-flash-1.5-8b,fed_speaker_extraction
2025-06-10T15:00:32.021178,bc9a00e84b86e51f,,google/gemini-flash-1.5-8b,fed_speaker_extraction
2025-06-10T15:00:32.909173,df24378b66f36466,,google/gemini-flash-1.5-8b,fed_speaker_extraction
2025-06-10T15:00:34.643183,7e403ddc37e0d220,,google/gemini-flash-1.5-8b,fed_speaker_extraction
2025-06-10T15:00:35.857802,d73a84445d6a66c6,,google/gemini-flash-1.5-8b,fed_speaker_extraction
2025-06-10T15:00:36.531001,d24074ca306d3121,,google/gemini-flash-1.5-8b,fed_speaker_extraction
2025-06-10T15:00:37.694368,bd468cc65ee4f8c4,,google/gemini-flash-1.5-8b,fed_speaker_extraction
2025-06-10T15:00:38.700283,c57a6684a9b786fe,,google/gemini-flash-1.5-8b,fed_speaker_extraction
2025-06-10T15:00:39.312582,755a4398c67a2cb9,,google/gemini-flash-1.5-8b,fed_speaker_extraction
2025-06-10T15:00:39.952258,9c5ad643539594a0,,google/gemini-flash-1.5-8b,fed_speaker_extraction
2025-06-10T15:00:41.049403,d566c4d868ef8f67,,google/gemini-flash-1.5-8b,fed_speaker_extraction
2025-06-10T15:00:42.184051,afbc3308db528c24,,google/gemini-flash-1.5-8b,fed_speaker_extraction
2025-06-10T15:00:43.058189,12b807186f000f20,,google/gemini-flash-1.5-8b,fed_speaker_extraction
2025-06-10T15:00:44.340515,de125f78e5657dbc,,google/gemini-flash-1.5-8b,fed_speaker_extraction
2025-06-10T15:00:45.392546,7278ad3250b00b3e,,google/gemini-flash-1.5-8b,fed_speaker_extraction
2025-06-10T15:00:46.340212,361fcd89be299ecb,,google/gemini-flash-1.5-8b,fed_speaker_extraction
2025-06-10T15:00:47.555196,505c7a764c8b7578,,google/gemini-flash-1.5-8b,fed_speaker_extraction
2025-06-10T15:00:49.414709,69de0182a61be891,,google/gemini-flash-1.5-8b,fed_speaker_extraction
2025-06-10T15:00:50.465462,03ff62618179d6ab,,google/gemini-flash-1.5-8b,fed_speaker_extraction
2025-06-10T15:00:51.402561,7c84c2e2d0144eae,,google/gemini-flash-1.5-8b,fed_speaker_extraction
2025-06-10T15:00:52.618360,635410d03bfa22a4,,google/gemini-flash-1.5-8b,fed_speaker_extraction
2025-06-10T15:00:53.539607,a14219bbaae4941e,,google/gemini-flash-1.5-8b,fed_speaker_extraction
2025-06-10T15:00:54.521965,2bbe24cca930d2a2,,google/gemini-flash-1.5-8b,fed_speaker_extraction
2025-06-10T15:00:55.512953,f45b70b2c2938f92,,google/gemini-flash-1.5-8b,fed_speaker_extraction
2025-06-10T15:00:56.304374,2040afca5c0ffef5,,google/gemini-flash-1.5-8b,fed_speaker_extraction
2025-06-10T15:00:57.066374,ccaf2cf49567de10,,google/gemini-flash-1.5-8b,fed_speaker_extraction
2025-06-10T15:00:58.097966,97672afceb822573,,google/gemini-flash-1.5-8b,fed_speaker_extraction
2025-06-10T15:00:59.151958,dd6ed6fb871c6a1c,,google/gemini-flash-1.5-8b,fed_speaker_extraction
2025-06-10T15:01:00.060514,b091281360633ae2,,google/gemini-flash-1.5-8b,fed_speaker_extraction
2025-06-10T15:01:01.135114,917ff743ed8106c9,,google/gemini-flash-1.5-8b,fed_speaker_extraction
2025-06-10T15:01:02.136376,90df347f0c4dc533,,google/gemini-flash-1.5-8b,fed_speaker_extraction
2025-06-10T15:01:03.156289,cffce0e1b1332e61,,google/gemini-flash-1.5-8b,fed_speaker_extraction
2025-06-10T15:01:04.256323,084b827b4c1e76fe,,google/gemini-flash-1.5-8b,fed_speaker_extraction
2025-06-10T15:01:05.263252,16dd0fe670cf983d,,google/gemini-flash-1.5-8b,fed_speaker_extraction
2025-06-10T15:01:06.389809,c5a0ad401fd0566d,,google/gemini-flash-1.5-8b,fed_speaker_extraction
2025-06-10T15:01:07.297973,bd680aedb66c7ec7,,google/gemini-flash-1.5-8b,fed_speaker_extraction
2025-06-10T15:01:08.025812,52cefb275829a1ff,,google/gemini-flash-1.5-8b,fed_speaker_extraction
2025-06-10T15:01:09.242329,434a81c1502be86a,,google/gemini-flash-1.5-8b,fed_speaker_extraction
2025-06-10T15:01:10.387557,f74654858193d806,,google/gemini-flash-1.5-8b,fed_speaker_extraction
2025-06-10T15:01:11.253475,faf42816637370a9,,google/gemini-flash-1.5-8b,fed_speaker_extraction
2025-06-10T15:01:12.481310,065900a6673ad9b8,,google/gemini-flash-1.5-8b,fed_speaker_extraction
2025-06-10T15:01:13.480042,ea4ba3ebeaceec05,,google/gemini-flash-1.5-8b,fed_speaker_extraction
2025-06-10T15:01:14.565761,a5b9b52584d7c3fa,,google/gemini-flash-1.5-8b,fed_speaker_extraction
2025-06-10T15:01:15.695954,8f954a62f30fb09d,,google/gemini-flash-1.5-8b,fed_speaker_extraction
2025-06-10T15:01:16.337793,b5a4aed3cd306b49,,google/gemini-flash-1.5-8b,fed_speaker_extraction
2025-06-10T15:01:17.296740,3ec223729a377341,,google/gemini-flash-1.5-8b,fed_speaker_extraction
2025-06-10T15:01:17.999209,fac7ba019297ae9d,,google/gemini-flash-1.5-8b,fed_speaker_extraction
2025-06-10T15:01:19.020478,ab2c91fe8d2c4f6f,,google/gemini-flash-1.5-8b,fed_speaker_extraction
2025-06-10T15:01:20.196576,bc9cee839669687d,,google/gemini-flash-1.5-8b,fed_speaker_extraction
2025-06-10T15:01:22.140671,dc3504ff3ce3954b,,google/gemini-flash-1.5-8b,fed_speaker_extraction
2025-06-10T15:01:23.131308,3d4a4617c8112773,,google/gemini-flash-1.5-8b,fed_speaker_extraction
2025-06-10T15:01:24.176892,a42d2f5100564f33,,google/gemini-flash-1.5-8b,fed_speaker_extraction
2025-06-10T15:01:25.203996,d1ef0829e966a33d,,google/gemini-flash-1.5-8b,fed_speaker_extraction
2025-06-10T15:01:26.294410,bdc33b20a9faac2d,,google/gemini-flash-1.5-8b,fed_speaker_extraction
2025-06-10T15:01:27.522142,3d16c6ea86cd0fd7,,google/gemini-flash-1.5-8b,fed_speaker_extraction
2025-06-10T15:01:28.748765,9d0077dc66c44df4,,google/gemini-flash-1.5-8b,fed_speaker_extraction
2025-06-10T15:01:29.485023,27ac9c0456fb6d4a,,google/gemini-flash-1.5-8b,fed_speaker_extraction
2025-06-10T15:01:30.503132,8f034b6b063505da,,google/gemini-flash-1.5-8b,fed_speaker_extraction
2025-06-10T15:01:31.645293,39ba324220e5569c,,google/gemini-flash-1.5-8b,fed_speaker_extraction
2025-06-10T15:01:32.461271,2795f5644c083147,,google/gemini-flash-1.5-8b,fed_speaker_extraction
2025-06-10T15:01:33.515804,15cb5cfe9f59b3c9,,google/gemini-flash-1.5-8b,fed_speaker_extraction
2025-06-10T15:01:34.636584,703adfce38bca4e5,,google/gemini-flash-1.5-8b,fed_speaker_extraction
2025-06-10T15:01:35.311898,95356fbda6609c77,,google/gemini-flash-1.5-8b,fed_speaker_extraction
2025-06-10T15:01:36.005280,c9ca3f9b44e7962d,,google/gemini-flash-1.5-8b,fed_speaker_extraction
2025-06-10T15:01:37.255956,a0bda99c1b95495a,,google/gemini-flash-1.5-8b,fed_speaker_extraction
2025-06-10T15:01:38.090108,fe6794c33e9539fa,,google/gemini-flash-1.5-8b,fed_speaker_extraction
2025-06-10T15:01:40.496990,ba6d1ed763fb1f82,,google/gemini-flash-1.5-8b,fed_speaker_extraction
2025-06-10T15:01:41.185480,ef665180be1e5959,,google/gemini-flash-1.5-8b,fed_speaker_extraction
2025-06-10T15:01:42.272879,c7d526415c2966ae,,google/gemini-flash-1.5-8b,fed_speaker_extraction
2025-06-10T15:01:42.906732,874119984181ad56,,google/gemini-flash-1.5-8b,fed_speaker_extraction
2025-06-10T15:01:44.228385,3defef62676ccb51,,google/gemini-flash-1.5-8b,fed_speaker_extraction
2025-06-10T15:01:44.901229,1bade73076f3ed80,,google/gemini-flash-1.5-8b,fed_speaker_extraction
2025-06-10T15:01:46.018990,c66bb5be021c73e2,,google/gemini-flash-1.5-8b,fed_speaker_extraction
2025-06-10T15:01:47.498358,4a63c34e1b7cb361,,google/gemini-flash-1.5-8b,fed_speaker_extraction
2025-06-10T15:01:48.151901,644faee630693168,,google/gemini-flash-1.5-8b,fed_speaker_extraction
2025-06-10T15:01:49.308328,438744fc03679d48,,google/gemini-flash-1.5-8b,fed_speaker_extraction
2025-06-10T15:01:50.024204,df280ac2bb665152,,google/gemini-flash-1.5-8b,fed_speaker_extraction
2025-06-10T15:01:50.689888,e513ed0d57f02194,,google/gemini-flash-1.5-8b,fed_speaker_extraction
2025-06-10T15:01:51.871239,cb998165c6cf0102,,google/gemini-flash-1.5-8b,fed_speaker_extraction
2025-06-10T15:01:52.766022,24a22d3e17a51d80,,google/gemini-flash-1.5-8b,fed_speaker_extraction
2025-06-10T15:01:53.899201,05c0b88d8be353d1,,google/gemini-flash-1.5-8b,fed_speaker_extraction
2025-06-10T15:01:55.899182,a34cc2bd52b17c3d,,google/gemini-flash-1.5-8b,fed_speaker_extraction
2025-06-10T15:01:57.017654,3153d079e0961708,,google/gemini-flash-1.5-8b,fed_speaker_extraction
2025-06-10T15:01:57.939565,0261dcb9dc4413e2,,google/gemini-flash-1.5-8b,fed_speaker_extraction
2025-06-10T15:01:58.872188,c8cf89e48285a34b,,google/gemini-flash-1.5-8b,fed_speaker_extraction
2025-06-10T15:02:00.073588,a99764d89b84e733,,google/gemini-flash-1.5-8b,fed_speaker_extraction
2025-06-10T15:02:01.046431,18d989383ca3adba,,google/gemini-flash-1.5-8b,fed_speaker_extraction
2025-06-10T15:02:02.159063,109fbadc4e4fd3f2,,google/gemini-flash-1.5-8b,fed_speaker_extraction
2025-06-10T15:02:02.775317,03298d7f3e6a3785,,google/gemini-flash-1.5-8b,fed_speaker_extraction
2025-06-10T15:02:03.427422,424de2ea18649fee,,google/gemini-flash-1.5-8b,fed_speaker_extraction
2025-06-10T15:02:04.472922,d820c63f5966cb42,,google/gemini-flash-1.5-8b,fed_speaker_extraction
2025-06-10T15:02:05.514982,40af75f0066d79ce,,google/gemini-flash-1.5-8b,fed_speaker_extraction
2025-06-10T15:02:06.760315,341368f1efb4f351,,google/gemini-flash-1.5-8b,fed_speaker_extraction
2025-06-10T15:02:07.640401,e25e72ab2e7d1628,,google/gemini-flash-1.5-8b,fed_speaker_extraction
2025-06-10T15:02:08.651372,73a748152e1dd80a,,google/gemini-flash-1.5-8b,fed_speaker_extraction
2025-06-10T15:02:09.761251,6b831d980f4cd3a7,,google/gemini-flash-1.5-8b,fed_speaker_extraction
2025-06-10T15:02:10.999908,2f8c472b565fe569,,google/gemini-flash-1.5-8b,fed_speaker_extraction
2025-06-10T15:02:11.756886,9f275bab26121b92,,google/gemini-flash-1.5-8b,fed_speaker_extraction
2025-06-10T15:02:12.924268,f99cb684b2442762,,google/gemini-flash-1.5-8b,fed_speaker_extraction
2025-06-10T15:02:13.891844,1d2388803934b751,,google/gemini-flash-1.5-8b,fed_speaker_extraction
2025-06-10T15:02:14.988237,dcaa9f3acf300095,,google/gemini-flash-1.5-8b,fed_speaker_extraction
2025-06-10T15:02:16.146828,25ee5a78f5ff8e3f,,google/gemini-flash-1.5-8b,fed_speaker_extraction
2025-06-10T15:02:17.135944,5515b3ef8bda97c1,,google/gemini-flash-1.5-8b,fed_speaker_extraction
2025-06-10T15:02:17.890047,f7a2e9adff303ff9,,google/gemini-flash-1.5-8b,fed_speaker_extraction
2025-06-10T15:02:18.549290,455a7b2c28e3ba2a,,google/gemini-flash-1.5-8b,fed_speaker_extraction
2025-06-10T15:02:19.552993,dba097133d67215d,,google/gemini-flash-1.5-8b,fed_speaker_extraction
2025-06-10T15:02:20.634907,76afe0920ef95789,,google/gemini-flash-1.5-8b,fed_speaker_extraction
2025-06-10T15:02:21.742026,b1ca57e87697f136,,google/gemini-flash-1.5-8b,fed_speaker_extraction
2025-06-10T15:02:22.828839,a28bebe276b53471,,google/gemini-flash-1.5-8b,fed_speaker_extraction
2025-06-10T15:02:23.528469,25c70058084c724d,,google/gemini-flash-1.5-8b,fed_speaker_extraction
2025-06-10T15:02:25.052548,d372fe80c6a3ace2,,google/gemini-flash-1.5-8b,fed_speaker_extraction
2025-06-10T15:02:25.753810,6e276204220b63d3,,google/gemini-flash-1.5-8b,fed_speaker_extraction
2025-06-10T15:02:27.388259,c841d5e8dfebb8e1,,google/gemini-flash-1.5-8b,fed_speaker_extraction
2025-06-10T15:02:28.953393,bd1a16896f45b127,,google/gemini-flash-1.5-8b,fed_speaker_extraction
2025-06-10T15:02:30.042439,2b4c9af25fce29ba,,google/gemini-flash-1.5-8b,fed_speaker_extraction
2025-06-10T15:02:30.798594,1d66b7fc471af877,,google/gemini-flash-1.5-8b,fed_speaker_extraction
2025-06-10T15:02:31.787300,566092502d92af5f,,google/gemini-flash-1.5-8b,fed_speaker_extraction
2025-06-10T15:02:33.116891,057e30a57b413ba1,,google/gemini-flash-1.5-8b,fed_speaker_extraction
2025-06-10T15:02:33.761175,7484db74723c9607,,google/gemini-flash-1.5-8b,fed_speaker_extraction
2025-06-10T15:02:34.866440,aec117c93401d7c0,,google/gemini-flash-1.5-8b,fed_speaker_extraction
2025-06-10T15:02:35.997794,908756a7fe9fdbf5,,google/gemini-flash-1.5-8b,fed_speaker_extraction
2025-06-10T15:02:36.914234,6b4190b6d889ba7c,,google/gemini-flash-1.5-8b,fed_speaker_extraction
2025-06-10T15:02:38.122590,293d6c28b499314f,,google/gemini-flash-1.5-8b,fed_speaker_extraction
2025-06-10T15:02:39.114770,291c004279397324,,google/gemini-flash-1.5-8b,fed_speaker_extraction
2025-06-10T15:02:40.148469,c633a07f5811bf6e,,google/gemini-flash-1.5-8b,fed_speaker_extraction
2025-06-10T15:02:40.781603,767b3a617f0e1d65,,google/gemini-flash-1.5-8b,fed_speaker_extraction
2025-06-10T15:02:41.535251,1374f6684cfb6d59,,google/gemini-flash-1.5-8b,fed_speaker_extraction
2025-06-10T15:02:42.495410,868008d669a7743d,,google/gemini-flash-1.5-8b,fed_speaker_extraction
2025-06-10T15:02:43.502666,3b2a7b1e54fa3a16,,google/gemini-flash-1.5-8b,fed_speaker_extraction
2025-06-10T15:02:44.640371,d692ac41d25989b9,,google/gemini-flash-1.5-8b,fed_speaker_extraction
2025-06-10T15:02:45.561705,f0f7f37e68cb3247,,google/gemini-flash-1.5-8b,fed_speaker_extraction
2025-06-10T15:02:46.566879,248926b7d84e9bc9,,google/gemini-flash-1.5-8b,fed_speaker_extraction
2025-06-10T15:02:47.724911,47c6473e016e7ee8,,google/gemini-flash-1.5-8b,fed_speaker_extraction
2025-06-10T15:02:48.700318,fc5fd7ca427dc83d,,google/gemini-flash-1.5-8b,fed_speaker_extraction
2025-06-10T15:02:49.759421,ce8287cfcd5ef162,,google/gemini-flash-1.5-8b,fed_speaker_extraction
2025-06-10T15:02:50.836572,c704c58a3d566952,,google/gemini-flash-1.5-8b,fed_speaker_extraction
2025-06-10T15:02:51.897860,38f6e5d84949cddd,,google/gemini-flash-1.5-8b,fed_speaker_extraction
2025-06-10T15:02:53.053878,f3cf966ad5ed5b3f,,google/gemini-flash-1.5-8b,fed_speaker_extraction
2025-06-10T15:02:54.021385,b01bacbc21b24126,,google/gemini-flash-1.5-8b,fed_speaker_extraction
2025-06-10T15:02:55.044590,6b663043846292f2,,google/gemini-flash-1.5-8b,fed_speaker_extraction
2025-06-10T15:02:55.856364,2a1d5fe34219f2bc,,google/gemini-flash-1.5-8b,fed_speaker_extraction
2025-06-10T15:02:56.490985,03e1563ef530cf77,,google/gemini-flash-1.5-8b,fed_speaker_extraction
2025-06-10T15:02:57.550901,6fb6ece1e236dc0d,,google/gemini-flash-1.5-8b,fed_speaker_extraction
2025-06-10T15:02:58.569465,7ed2e23c541087ab,,google/gemini-flash-1.5-8b,fed_speaker_extraction
2025-06-10T15:02:59.663539,e0a1fafa9e074c0f,,google/gemini-flash-1.5-8b,fed_speaker_extraction
2025-06-10T15:03:00.566828,e495a768d1b851a1,,google/gemini-flash-1.5-8b,fed_speaker_extraction
2025-06-10T15:03:02.812384,d6bd9bc0e2bba707,,google/gemini-flash-1.5-8b,fed_speaker_extraction
2025-06-10T15:03:03.760889,6f7876db6dd5906a,,google/gemini-flash-1.5-8b,fed_speaker_extraction
2025-06-10T15:03:04.748753,36fa93b2f8662de7,,google/gemini-flash-1.5-8b,fed_speaker_extraction
2025-06-10T15:03:05.748485,f5febbafb4d01159,,google/gemini-flash-1.5-8b,fed_speaker_extraction
2025-06-10T15:03:06.920261,fa872a9e66fe734d,,google/gemini-flash-1.5-8b,fed_speaker_extraction
2025-06-10T15:03:07.909409,7c8fca80434bf085,,google/gemini-flash-1.5-8b,fed_speaker_extraction
2025-06-10T15:03:08.956299,202f5e20b42ec037,,google/gemini-flash-1.5-8b,fed_speaker_extraction
2025-06-10T15:03:10.059842,e4f7f46b2372bb44,,google/gemini-flash-1.5-8b,fed_speaker_extraction
2025-06-10T15:03:10.779124,e01b9f6e814327ba,,google/gemini-flash-1.5-8b,fed_speaker_extraction
2025-06-10T15:03:11.530841,c176a5fba0a844eb,,google/gemini-flash-1.5-8b,fed_speaker_extraction
2025-06-10T15:03:12.638972,d5db9935920558be,,google/gemini-flash-1.5-8b,fed_speaker_extraction
2025-06-10T15:03:13.515307,9b70721aad23575f,,google/gemini-flash-1.5-8b,fed_speaker_extraction
2025-06-10T15:03:14.552319,1babd65b17a52890,,google/gemini-flash-1.5-8b,fed_speaker_extraction
2025-06-10T15:03:15.587262,237620b84c3927bc,,google/gemini-flash-1.5-8b,fed_speaker_extraction
2025-06-10T15:03:16.653797,c65917e39bb6e000,,google/gemini-flash-1.5-8b,fed_speaker_extraction
2025-06-10T15:03:17.662802,e47c0e79e7c3a8e8,,google/gemini-flash-1.5-8b,fed_speaker_extraction
2025-06-10T15:03:18.778147,f9cf90b7c75d5e7c,,google/gemini-flash-1.5-8b,fed_speaker_extraction
2025-06-10T15:03:19.759069,4cc9d8d88a299927,,google/gemini-flash-1.5-8b,fed_speaker_extraction
2025-06-10T15:03:20.943390,5f5396836edb771a,,google/gemini-flash-1.5-8b,fed_speaker_extraction
2025-06-10T15:03:21.855904,b439864f8b6e9253,,google/gemini-flash-1.5-8b,fed_speaker_extraction
2025-06-10T15:03:22.942734,87187a8eeda73b36,,google/gemini-flash-1.5-8b,fed_speaker_extraction
2025-06-10T15:03:24.100414,95edec497791ecc6,,google/gemini-flash-1.5-8b,fed_speaker_extraction
2025-06-10T15:03:25.105785,b7d1af35620308d5,,google/gemini-flash-1.5-8b,fed_speaker_extraction
2025-06-10T15:03:25.837100,8aea177f3a33abf4,,google/gemini-flash-1.5-8b,fed_speaker_extraction
2025-06-10T15:03:26.456575,73765e4483fc5269,,google/gemini-flash-1.5-8b,fed_speaker_extraction
2025-06-10T15:03:27.499305,566e5c59eacb7745,,google/gemini-flash-1.5-8b,fed_speaker_extraction
2025-06-10T15:03:28.499678,2ea1b0531c6be7e7,,google/gemini-flash-1.5-8b,fed_speaker_extraction
2025-06-10T15:03:30.376560,e3281204b88b226c,,google/gemini-flash-1.5-8b,fed_speaker_extraction
2025-06-10T15:03:31.154246,cbbc53d1fd23c667,,google/gemini-flash-1.5-8b,fed_speaker_extraction
2025-06-10T15:03:32.094326,f4f6f1af38187a77,,google/gemini-flash-1.5-8b,fed_speaker_extraction
2025-06-10T15:03:32.898824,a0991fc33d75ba8e,,google/gemini-flash-1.5-8b,fed_speaker_extraction
2025-06-10T15:03:33.625370,cc351dd60acf5db9,,google/gemini-flash-1.5-8b,fed_speaker_extraction
2025-06-10T15:03:35.478984,889d5798045e4f48,,google/gemini-flash-1.5-8b,fed_speaker_extraction
2025-06-10T15:03:36.598216,bd758b0688f675e4,,google/gemini-flash-1.5-8b,fed_speaker_extraction
2025-06-10T15:03:37.563427,586a8d01a379c2f4,,google/gemini-flash-1.5-8b,fed_speaker_extraction
2025-06-10T15:03:38.668560,a4501474382d1b55,,google/gemini-flash-1.5-8b,fed_speaker_extraction
2025-06-10T15:03:39.624510,fe0a3b949053a041,,google/gemini-flash-1.5-8b,fed_speaker_extraction
2025-06-10T15:03:40.710124,472165d1d7581972,,google/gemini-flash-1.5-8b,fed_speaker_extraction
2025-06-10T15:03:41.636837,3941d6ae875d7225,,google/gemini-flash-1.5-8b,fed_speaker_extraction
2025-06-10T15:03:42.874489,1c1a1f546a2b3cfb,,google/gemini-flash-1.5-8b,fed_speaker_extraction
2025-06-10T15:03:43.821264,44fbda7038ab4586,,google/gemini-flash-1.5-8b,fed_speaker_extraction
2025-06-10T15:03:44.791985,e45bc824c20dc720,,google/gemini-flash-1.5-8b,fed_speaker_extraction
2025-06-10T15:03:45.949876,6c11192ec3e5d138,,google/gemini-flash-1.5-8b,fed_speaker_extraction
2025-06-10T15:03:47.041259,1acd08bd8077ab69,,google/gemini-flash-1.5-8b,fed_speaker_extraction
2025-06-10T15:03:48.192544,d6bbee4b15ab90e2,,google/gemini-flash-1.5-8b,fed_speaker_extraction
2025-06-10T15:03:48.949284,d8aac50e3bdc8529,,google/gemini-flash-1.5-8b,fed_speaker_extraction
2025-06-10T15:03:49.662746,4d11affd6d21b8bd,,google/gemini-flash-1.5-8b,fed_speaker_extraction
2025-06-10T15:03:50.823287,35eb5b1a665b1407,,google/gemini-flash-1.5-8b,fed_speaker_extraction
2025-06-10T15:03:51.734898,f83b42d27979f2e1,,google/gemini-flash-1.5-8b,fed_speaker_extraction
2025-06-10T15:03:52.900954,b6c49c8e44122576,,google/gemini-flash-1.5-8b,fed_speaker_extraction
2025-06-10T15:03:53.809362,c0642bc1c9696c66,,google/gemini-flash-1.5-8b,fed_speaker_extraction
2025-06-10T15:03:56.177311,e12c7ea169adb927,,google/gemini-flash-1.5-8b,fed_speaker_extraction
2025-06-10T15:03:57.780823,ed1a5dd2c030b030,,google/gemini-flash-1.5-8b,fed_speaker_extraction
2025-06-10T15:03:59.143635,baae12eab6446d6a,,google/gemini-flash-1.5-8b,fed_speaker_extraction
2025-06-10T15:04:00.132325,86b41ac3c0066e09,,google/gemini-flash-1.5-8b,fed_speaker_extraction
2025-06-10T15:04:01.108441,dc8eff7875d4e6d7,,google/gemini-flash-1.5-8b,fed_speaker_extraction
2025-06-10T15:04:01.799366,2f6a4ac6eec26fa5,,google/gemini-flash-1.5-8b,fed_speaker_extraction
2025-06-10T15:04:02.869440,b3363ec689d0921b,,google/gemini-flash-1.5-8b,fed_speaker_extraction
2025-06-10T15:04:03.658338,a9d592659d864fb3,,google/gemini-flash-1.5-8b,fed_speaker_extraction
2025-06-10T15:04:04.243419,55f408d31ff1d2d1,,google/gemini-flash-1.5-8b,fed_speaker_extraction
2025-06-10T15:04:05.415453,debd62b1f5241467,,google/gemini-flash-1.5-8b,fed_speaker_extraction
2025-06-10T15:04:06.562063,b4261f4688e047c7,,google/gemini-flash-1.5-8b,fed_speaker_extraction
2025-06-10T15:04:08.352781,1f7b4e3fdb8d4772,,google/gemini-flash-1.5-8b,fed_speaker_extraction
2025-06-10T15:04:09.397704,c72e41c5838aad6b,,google/gemini-flash-1.5-8b,fed_speaker_extraction
2025-06-10T15:04:10.641256,a50644a78557c29c,,google/gemini-flash-1.5-8b,fed_speaker_extraction
2025-06-10T15:04:11.471593,76a2234229f8fac2,,google/gemini-flash-1.5-8b,fed_speaker_extraction
2025-06-10T15:04:12.553516,cadb6623b1ca4964,,google/gemini-flash-1.5-8b,fed_speaker_extraction
2025-06-10T15:04:14.052163,837e6e81b6aaed00,,google/gemini-flash-1.5-8b,fed_speaker_extraction
2025-06-10T15:04:14.801100,23fb9884a308309f,,google/gemini-flash-1.5-8b,fed_speaker_extraction
2025-06-10T15:04:15.785893,be4333042160832d,,google/gemini-flash-1.5-8b,fed_speaker_extraction
2025-06-10T15:04:16.554568,cf4421cf22636429,,google/gemini-flash-1.5-8b,fed_speaker_extraction
2025-06-10T15:04:17.256414,79cf7ad84a46ee14,,google/gemini-flash-1.5-8b,fed_speaker_extraction
2025-06-10T15:04:18.257692,322da906999469b2,,google/gemini-flash-1.5-8b,fed_speaker_extraction
2025-06-10T15:04:19.273330,961db28632d85aa1,,google/gemini-flash-1.5-8b,fed_speaker_extraction
2025-06-10T15:04:20.352975,4150a4df211ba0d1,,google/gemini-flash-1.5-8b,fed_speaker_extraction
2025-06-10T15:04:21.443101,7bec3cd7a73f6ecb,,google/gemini-flash-1.5-8b,fed_speaker_extraction
2025-06-10T15:04:22.506980,1226352e750c712e,,google/gemini-flash-1.5-8b,fed_speaker_extraction
2025-06-10T15:04:23.553489,99f1561a58d0a9ce,,google/gemini-flash-1.5-8b,fed_speaker_extraction
2025-06-10T15:04:24.603354,76628375793807e2,,google/gemini-flash-1.5-8b,fed_speaker_extraction
2025-06-10T15:04:25.604034,d4f50a9d06b5b018,,google/gemini-flash-1.5-8b,fed_speaker_extraction
2025-06-10T15:04:26.708141,b68109f50b903515,,google/gemini-flash-1.5-8b,fed_speaker_extraction
2025-06-10T15:04:27.891075,51d72f666fe781be,,google/gemini-flash-1.5-8b,fed_speaker_extraction
2025-06-10T15:04:28.538188,68da3cd2c50acbd1,,google/gemini-flash-1.5-8b,fed_speaker_extraction
2025-06-10T15:04:29.307433,3a57bd7238129d26,,google/gemini-flash-1.5-8b,fed_speaker_extraction
2025-06-10T15:04:30.313945,d593e45a3034716d,,google/gemini-flash-1.5-8b,fed_speaker_extraction
2025-06-10T15:04:31.215269,c31df44bbbb1bf73,,google/gemini-flash-1.5-8b,fed_speaker_extraction
2025-06-10T15:04:32.455571,2c8783d785a2c072,,google/gemini-flash-1.5-8b,fed_speaker_extraction
2025-06-10T15:04:33.458887,a66f454878a49d04,,google/gemini-flash-1.5-8b,fed_speaker_extraction
2025-06-10T15:04:34.576286,51b93a4878de7d0d,,google/gemini-flash-1.5-8b,fed_speaker_extraction
2025-06-10T15:04:35.493806,2ead700e483ebd7e,,google/gemini-flash-1.5-8b,fed_speaker_extraction
2025-06-10T15:04:36.501248,2d3d9abdee0fc644,,google/gemini-flash-1.5-8b,fed_speaker_extraction
2025-06-10T15:04:37.588454,61ed7435d6391aac,,google/gemini-flash-1.5-8b,fed_speaker_extraction
2025-06-10T15:04:38.771846,8aa2db71407cfe0b,,google/gemini-flash-1.5-8b,fed_speaker_extraction
2025-06-10T15:04:39.706766,3c648dd813969166,,google/gemini-flash-1.5-8b,fed_speaker_extraction
2025-06-10T15:04:41.671069,b30727dcfbc153ad,,google/gemini-flash-1.5-8b,fed_speaker_extraction
2025-06-10T15:04:42.739899,c17dfdd087ad0566,,google/gemini-flash-1.5-8b,fed_speaker_extraction
2025-06-10T15:04:43.430671,814d28d1a76f5ded,,google/gemini-flash-1.5-8b,fed_speaker_extraction
2025-06-10T15:04:44.163916,7f583739e7a09f51,,google/gemini-flash-1.5-8b,fed_speaker_extraction
2025-06-10T15:04:45.173486,49629cd61fd97ce8,,google/gemini-flash-1.5-8b,fed_speaker_extraction
2025-06-10T15:04:46.151989,e1e02b02c80b44bf,,google/gemini-flash-1.5-8b,fed_speaker_extraction
2025-06-10T15:04:47.250861,4bc25aea06dbce20,,google/gemini-flash-1.5-8b,fed_speaker_extraction
2025-06-10T15:04:48.312034,f8eadc1432e53689,,google/gemini-flash-1.5-8b,fed_speaker_extraction
2025-06-10T15:04:49.541514,1ec8177bbcc97fe8,,google/gemini-flash-1.5-8b,fed_speaker_extraction
2025-06-10T15:04:50.624013,e506c496c552a189,,google/gemini-flash-1.5-8b,fed_speaker_extraction
2025-06-10T15:04:51.426462,7f2e34fff6d8b989,,google/gemini-flash-1.5-8b,fed_speaker_extraction
2025-06-10T15:04:52.429588,be405a9c19f15cca,,google/gemini-flash-1.5-8b,fed_speaker_extraction
2025-06-10T15:04:53.440645,54d5d6047ebdf687,,google/gemini-flash-1.5-8b,fed_speaker_extraction
2025-06-10T15:04:54.539190,84c7d7d09b8f572f,,google/gemini-flash-1.5-8b,fed_speaker_extraction
2025-06-10T15:04:55.479872,f9abd3d35b8fcddb,,google/gemini-flash-1.5-8b,fed_speaker_extraction
2025-06-10T15:04:56.614918,105472d189864cb2,,google/gemini-flash-1.5-8b,fed_speaker_extraction
2025-06-10T15:04:57.605049,ba91dd5c77c2663d,,google/gemini-flash-1.5-8b,fed_speaker_extraction
2025-06-10T15:04:58.854340,d7b80756de650fd0,,google/gemini-flash-1.5-8b,fed_speaker_extraction
2025-06-10T15:04:59.658055,555e22b5b8a0ca12,,google/gemini-flash-1.5-8b,fed_speaker_extraction
2025-06-10T15:05:00.453224,bba53589bfdcf792,,google/gemini-flash-1.5-8b,fed_speaker_extraction
2025-06-10T15:05:01.395778,b7d944678b9aed7e,,google/gemini-flash-1.5-8b,fed_speaker_extraction
2025-06-10T15:05:02.509187,1dc64d148528c601,,google/gemini-flash-1.5-8b,fed_speaker_extraction
2025-06-10T15:05:03.577544,a510dbe994a5e8f1,,google/gemini-flash-1.5-8b,fed_speaker_extraction
2025-06-10T15:05:04.635241,0571bad631d38c31,,google/gemini-flash-1.5-8b,fed_speaker_extraction
2025-06-10T15:05:05.777710,0981d227bbd41e7f,,google/gemini-flash-1.5-8b,fed_speaker_extraction
2025-06-10T15:05:06.655136,9a2ea73680b3d387,,google/gemini-flash-1.5-8b,fed_speaker_extraction
2025-06-10T15:05:07.686239,a6aeaca1e8885773,,google/gemini-flash-1.5-8b,fed_speaker_extraction
2025-06-10T15:05:08.718287,1dc131320277fcc1,,google/gemini-flash-1.5-8b,fed_speaker_extraction
2025-06-10T15:05:09.966783,43911b94c343a510,,google/gemini-flash-1.5-8b,fed_speaker_extraction
2025-06-10T15:05:10.681830,d1286d78cb5c105b,,google/gemini-flash-1.5-8b,fed_speaker_extraction
2025-06-10T15:05:11.231822,dc61c347c14efa7c,,google/gemini-flash-1.5-8b,fed_speaker_extraction
2025-06-10T15:05:12.421244,81a8dc92de6837ff,,google/gemini-flash-1.5-8b,fed_speaker_extraction
2025-06-10T15:05:14.530773,d4912ff56437e8f8,,google/gemini-flash-1.5-8b,fed_speaker_extraction
2025-06-10T15:05:15.440894,c92e9effd5d694a8,,google/gemini-flash-1.5-8b,fed_speaker_extraction
2025-06-10T15:05:16.388771,33dfba512b54b908,,google/gemini-flash-1.5-8b,fed_speaker_extraction
2025-06-10T15:05:17.466592,ed65f02c5d3db1dc,,google/gemini-flash-1.5-8b,fed_speaker_extraction
2025-06-10T15:05:18.475764,417f4d7b9f4e2626,,google/gemini-flash-1.5-8b,fed_speaker_extraction
2025-06-10T15:05:19.652160,e4c0883b1f17c47f,,google/gemini-flash-1.5-8b,fed_speaker_extraction
2025-06-10T15:05:20.568877,14191a775e6054e3,,google/gemini-flash-1.5-8b,fed_speaker_extraction
2025-06-10T15:05:21.854289,cfcbe1b210e04f89,,google/gemini-flash-1.5-8b,fed_speaker_extraction
2025-06-10T15:05:22.716891,ebf3dbede7be5e94,,google/gemini-flash-1.5-8b,fed_speaker_extraction
2025-06-10T15:05:23.507373,8e5b74998a3f2335,,google/gemini-flash-1.5-8b,fed_speaker_extraction
2025-06-10T15:05:24.228338,8596754b48e4e339,,google/gemini-flash-1.5-8b,fed_speaker_extraction
2025-06-10T15:05:25.236918,df038b201ad16c33,,google/gemini-flash-1.5-8b,fed_speaker_extraction
2025-06-10T15:05:26.163185,4b29f1341c8be8b5,,google/gemini-flash-1.5-8b,fed_speaker_extraction
2025-06-10T15:05:27.508628,f10d897802f6dcbd,,google/gemini-flash-1.5-8b,fed_speaker_extraction
2025-06-10T15:05:28.280547,a6f9dbe4e0e44acd,,google/gemini-flash-1.5-8b,fed_speaker_extraction
2025-06-10T15:05:29.435931,36e0ed7625060681,,google/gemini-flash-1.5-8b,fed_speaker_extraction
2025-06-10T15:05:30.547943,3e0fe2f948db41da,,google/gemini-flash-1.5-8b,fed_speaker_extraction
2025-06-10T15:05:31.454040,086a4a5116c17139,,google/gemini-flash-1.5-8b,fed_speaker_extraction
2025-06-10T15:05:32.469740,d407185ca30573fc,,google/gemini-flash-1.5-8b,fed_speaker_extraction
2025-06-10T15:05:33.432211,27914beb60da014f,,google/gemini-flash-1.5-8b,fed_speaker_extraction
2025-06-10T15:05:34.531127,bfa5d398b03dbf76,,google/gemini-flash-1.5-8b,fed_speaker_extraction
2025-06-10T15:05:35.549315,e446cfe6e2cf126e,,google/gemini-flash-1.5-8b,fed_speaker_extraction
2025-06-10T15:05:36.685684,b70dd51ac455cd41,,google/gemini-flash-1.5-8b,fed_speaker_extraction
2025-06-10T15:05:37.741015,049853f60094cd1c,,google/gemini-flash-1.5-8b,fed_speaker_extraction
2025-06-10T15:05:38.625638,0fbfb2181351ae5a,,google/gemini-flash-1.5-8b,fed_speaker_extraction
2025-06-10T15:05:39.850395,fc0406d3586eed03,,google/gemini-flash-1.5-8b,fed_speaker_extraction
2025-06-10T15:05:40.438629,244c3321c64cede3,,google/gemini-flash-1.5-8b,fed_speaker_extraction
2025-06-10T15:05:41.139270,a9d12bb7f4540745,,google/gemini-flash-1.5-8b,fed_speaker_extraction
2025-06-10T15:05:42.246839,e7c80acdc755a82f,,google/gemini-flash-1.5-8b,fed_speaker_extraction
2025-06-10T15:05:43.257154,3b99b46697a6c6b8,,google/gemini-flash-1.5-8b,fed_speaker_extraction
2025-06-10T15:05:44.258417,b2c9b2872c413e16,,google/gemini-flash-1.5-8b,fed_speaker_extraction
2025-06-10T15:05:45.373350,550e66e3497c54be,,google/gemini-flash-1.5-8b,fed_speaker_extraction
2025-06-10T15:05:47.278262,4d051057b63a941b,,google/gemini-flash-1.5-8b,fed_speaker_extraction
2025-06-10T15:05:48.364469,f70ce082efecf9c7,,google/gemini-flash-1.5-8b,fed_speaker_extraction
2025-06-10T15:05:49.488789,8fb83f4580268a40,,google/gemini-flash-1.5-8b,fed_speaker_extraction
2025-06-10T15:05:50.689396,58f12e722f62b8bc,,google/gemini-flash-1.5-8b,fed_speaker_extraction
2025-06-10T15:05:51.519770,2d8fa608df70e287,,google/gemini-flash-1.5-8b,fed_speaker_extraction
2025-06-10T15:05:52.382580,6ac13d172cb2664d,,google/gemini-flash-1.5-8b,fed_speaker_extraction
2025-06-10T15:05:53.687794,83537d46f2e16eb3,,google/gemini-flash-1.5-8b,fed_speaker_extraction
2025-06-10T15:05:54.708170,8910508906c21e81,,google/gemini-flash-1.5-8b,fed_speaker_extraction
2025-06-10T15:05:55.502443,1bb3b2c355430c1f,,google/gemini-flash-1.5-8b,fed_speaker_extraction
2025-06-10T15:05:56.731917,586b16177fc9bb83,,google/gemini-flash-1.5-8b,fed_speaker_extraction
2025-06-10T15:05:57.620052,bc402c5428796610,,google/gemini-flash-1.5-8b,fed_speaker_extraction
2025-06-10T15:05:58.764013,41daa0c62d337585,,google/gemini-flash-1.5-8b,fed_speaker_extraction
2025-06-10T15:05:59.359525,ff3bbf8d27baed68,,google/gemini-flash-1.5-8b,fed_speaker_extraction
2025-06-10T15:05:59.940661,d0fa668397d49f0f,,google/gemini-flash-1.5-8b,fed_speaker_extraction
2025-06-10T15:06:01.256244,264d97f223181187,,google/gemini-flash-1.5-8b,fed_speaker_extraction
2025-06-10T15:06:02.179810,78f420ab77db9a1a,,google/gemini-flash-1.5-8b,fed_speaker_extraction
2025-06-10T15:06:03.074348,c4048514abeffcc2,,google/gemini-flash-1.5-8b,fed_speaker_extraction
2025-06-10T15:06:04.380496,5d2cdb7c12e38fc4,,google/gemini-flash-1.5-8b,fed_speaker_extraction
2025-06-10T15:06:05.406252,060d26fec0af91d7,,google/gemini-flash-1.5-8b,fed_speaker_extraction
2025-06-10T15:06:06.299825,8579f5b3c87cbf74,,google/gemini-flash-1.5-8b,fed_speaker_extraction
2025-06-10T15:06:07.356054,7ca436e7f0bb282b,,google/gemini-flash-1.5-8b,fed_speaker_extraction
2025-06-10T15:06:08.493287,19bcfa92021d4552,,google/gemini-flash-1.5-8b,fed_speaker_extraction
2025-06-10T15:06:09.439501,5f1343ae4d20caa1,,google/gemini-flash-1.5-8b,fed_speaker_extraction
2025-06-10T15:06:10.471071,79673ab5986d84c0,,google/gemini-flash-1.5-8b,fed_speaker_extraction
2025-06-10T15:06:11.675392,43faef3f7e5050a7,,google/gemini-flash-1.5-8b,fed_speaker_extraction
2025-06-10T15:06:12.622844,310570a094dbb600,,google/gemini-flash-1.5-8b,fed_speaker_extraction
2025-06-10T15:06:13.630115,6323d96d671100a1,,google/gemini-flash-1.5-8b,fed_speaker_extraction
2025-06-10T15:06:14.681105,fc4cec31c674a06a,,google/gemini-flash-1.5-8b,fed_speaker_extraction
2025-06-10T15:06:15.955623,6055aa6fb5ce45a4,,google/gemini-flash-1.5-8b,fed_speaker_extraction
2025-06-10T15:06:16.740895,f2a3a698ac4818cd,,google/gemini-flash-1.5-8b,fed_speaker_extraction
2025-06-10T15:06:17.826844,535f7ecc7d7612ca,,google/gemini-flash-1.5-8b,fed_speaker_extraction
2025-06-10T15:06:18.517816,82e48cd98e2fd77a,,google/gemini-flash-1.5-8b,fed_speaker_extraction
2025-06-10T15:06:19.247948,447f87ce41490165,,google/gemini-flash-1.5-8b,fed_speaker_extraction
2025-06-10T15:06:21.191598,5b6fb228a7ecb88e,,google/gemini-flash-1.5-8b,fed_speaker_extraction
2025-06-10T15:06:22.229125,4f2936f2314454b5,,google/gemini-flash-1.5-8b,fed_speaker_extraction
2025-06-10T15:06:23.226526,8892640f5427de88,,google/gemini-flash-1.5-8b,fed_speaker_extraction
2025-06-10T15:06:24.429064,a5d6277eee361815,,google/gemini-flash-1.5-8b,fed_speaker_extraction
2025-06-10T15:06:25.421997,b01472e5ce38ca18,,google/gemini-flash-1.5-8b,fed_speaker_extraction
2025-06-10T15:06:26.703431,310ed832a95e3248,,google/gemini-flash-1.5-8b,fed_speaker_extraction
2025-06-10T15:06:27.532942,c4d247c6df71e618,,google/gemini-flash-1.5-8b,fed_speaker_extraction
2025-06-10T15:06:28.542324,125611d7db12b8ed,,google/gemini-flash-1.5-8b,fed_speaker_extraction
2025-06-10T15:06:29.616940,d7392d87e23c1074,,google/gemini-flash-1.5-8b,fed_speaker_extraction
2025-06-10T15:06:30.624748,8ca26c0509eb09b5,,google/gemini-flash-1.5-8b,fed_speaker_extraction
2025-06-10T15:06:31.690242,a810800a591bdb1b,,google/gemini-flash-1.5-8b,fed_speaker_extraction
2025-06-10T15:06:32.772932,e7277fdadf6f020f,,google/gemini-flash-1.5-8b,fed_speaker_extraction
2025-06-10T15:06:33.521378,c32d7da14b8816c6,,google/gemini-flash-1.5-8b,fed_speaker_extraction
2025-06-10T15:06:34.103835,3953f74dfa96166d,,google/gemini-flash-1.5-8b,fed_speaker_extraction
2025-06-10T15:06:35.270278,85ed587e9ac0c08f,,google/gemini-flash-1.5-8b,fed_speaker_extraction
2025-06-10T15:06:36.435955,46f65325dbf8e4b1,,google/gemini-flash-1.5-8b,fed_speaker_extraction
2025-06-10T15:06:37.428359,e33f249dcbdfb6e6,,google/gemini-flash-1.5-8b,fed_speaker_extraction
2025-06-10T15:06:38.594991,3002d0f0fe2acb97,,google/gemini-flash-1.5-8b,fed_speaker_extraction
2025-06-10T15:06:39.543972,1a54e6a5718bb488,,google/gemini-flash-1.5-8b,fed_speaker_extraction
2025-06-10T15:06:40.753684,69eafb669f9fa6eb,,google/gemini-flash-1.5-8b,fed_speaker_extraction
2025-06-10T15:06:41.681469,afe1e254ea9bcfba,,google/gemini-flash-1.5-8b,fed_speaker_extraction
2025-06-10T15:06:42.728880,3103e620e385dc39,,google/gemini-flash-1.5-8b,fed_speaker_extraction
2025-06-10T15:06:43.862252,65235e10cdf4c5b3,,google/gemini-flash-1.5-8b,fed_speaker_extraction
2025-06-10T15:06:44.513728,10e163aaf2e252f8,,google/gemini-flash-1.5-8b,fed_speaker_extraction
2025-06-10T15:06:45.296000,67e113a3bb3e4518,,google/gemini-flash-1.5-8b,fed_speaker_extraction
2025-06-10T15:06:46.189660,f5e074796cb4d7b2,,google/gemini-flash-1.5-8b,fed_speaker_extraction
2025-06-10T15:06:47.376348,a4684b8c147dfd86,,google/gemini-flash-1.5-8b,fed_speaker_extraction
2025-06-10T15:06:48.384863,614413f1f9af48f9,,google/gemini-flash-1.5-8b,fed_speaker_extraction
2025-06-10T15:06:49.502146,0fa886a57b936664,,google/gemini-flash-1.5-8b,fed_speaker_extraction
2025-06-10T15:06:50.475662,6b90f3b545d41241,,google/gemini-flash-1.5-8b,fed_speaker_extraction
2025-06-10T15:06:51.543692,1b19d05dec756294,,google/gemini-flash-1.5-8b,fed_speaker_extraction
2025-06-10T15:06:52.651909,2041262c4389a9d9,,google/gemini-flash-1.5-8b,fed_speaker_extraction
2025-06-10T15:06:54.533047,6dcea67e22a3eb96,,google/gemini-flash-1.5-8b,fed_speaker_extraction
2025-06-10T15:06:55.481138,50ddef1bc834370a,,google/gemini-flash-1.5-8b,fed_speaker_extraction
2025-06-10T15:06:56.600469,c2f2d54473d15ed7,,google/gemini-flash-1.5-8b,fed_speaker_extraction
2025-06-10T15:06:57.464699,101d7ffd6d4c75bc,,google/gemini-flash-1.5-8b,fed_speaker_extraction
2025-06-10T15:06:58.760443,e4631ddb6574f419,,google/gemini-flash-1.5-8b,fed_speaker_extraction
2025-06-10T15:06:59.712495,092350ded250913d,,google/gemini-flash-1.5-8b,fed_speaker_extraction
2025-06-10T15:07:00.439797,f4a30b48486d8d2c,,google/gemini-flash-1.5-8b,fed_speaker_extraction
2025-06-10T15:07:01.234515,184c89624fe45e06,,google/gemini-flash-1.5-8b,fed_speaker_extraction
2025-06-10T15:07:02.160339,8840ebc042d70379,,google/gemini-flash-1.5-8b,fed_speaker_extraction
2025-06-10T15:07:03.341643,70a2c2e08f6abd53,,google/gemini-flash-1.5-8b,fed_speaker_extraction
2025-06-10T15:07:04.431641,7867c0f3abd4361a,,google/gemini-flash-1.5-8b,fed_speaker_extraction
2025-06-10T15:07:05.518735,86af5db78ddff695,,google/gemini-flash-1.5-8b,fed_speaker_extraction
2025-06-10T15:07:07.178975,58437fb614db81d7,,google/gemini-flash-1.5-8b,fed_speaker_extraction
2025-06-10T15:07:08.241783,67aee546f46e25fd,,google/gemini-flash-1.5-8b,fed_speaker_extraction
2025-06-10T15:07:08.953484,d9c80f48d3bd8507,,google/gemini-flash-1.5-8b,fed_speaker_extraction
2025-06-10T15:07:09.541821,99fb6dc29a7ec8d5,,google/gemini-flash-1.5-8b,fed_speaker_extraction
2025-06-10T15:07:10.345510,8fedd71f73564589,,google/gemini-flash-1.5-8b,fed_speaker_extraction
2025-06-10T15:07:11.218300,8ccd24a6bc5e43c6,,google/gemini-flash-1.5-8b,fed_speaker_extraction
2025-06-10T15:07:12.327799,2740accf3332d757,,google/gemini-flash-1.5-8b,fed_speaker_extraction
2025-06-10T15:07:13.300305,961f4f6e0f797e6f,,google/gemini-flash-1.5-8b,fed_speaker_extraction
2025-06-10T15:07:14.358684,aef8e5fd52dce36d,,google/gemini-flash-1.5-8b,fed_speaker_extraction
2025-06-10T15:07:15.487651,94b6b6d4755bd6c4,,google/gemini-flash-1.5-8b,fed_speaker_extraction
2025-06-10T15:07:16.417427,74744a0fad24c51b,,google/gemini-flash-1.5-8b,fed_speaker_extraction
2025-06-10T15:07:17.549504,b2f1458569de64e0,,google/gemini-flash-1.5-8b,fed_speaker_extraction
2025-06-10T15:07:18.515249,8a72fc813afda1ab,,google/gemini-flash-1.5-8b,fed_speaker_extraction
2025-06-10T15:07:19.684637,c7b731c51687ad13,,google/gemini-flash-1.5-8b,fed_speaker_extraction
2025-06-10T15:07:20.637418,f17d2b826a71da58,,google/gemini-flash-1.5-8b,fed_speaker_extraction
2025-06-10T15:07:21.737558,bc424bc0d4c53ae4,,google/gemini-flash-1.5-8b,fed_speaker_extraction
2025-06-10T15:07:22.736981,1bba1072a3565989,,google/gemini-flash-1.5-8b,fed_speaker_extraction
2025-06-10T15:07:24.058804,899241bba99f3e74,,google/gemini-flash-1.5-8b,fed_speaker_extraction
2025-06-10T15:07:24.783527,c268620f0dd4a74b,,google/gemini-flash-1.5-8b,fed_speaker_extraction
2025-06-10T15:07:26.747374,076325e02aac0587,,google/gemini-flash-1.5-8b,fed_speaker_extraction
2025-06-10T15:07:27.799983,a04a882e215be213,,google/gemini-flash-1.5-8b,fed_speaker_extraction
2025-06-10T15:07:28.588616,764b3c17567b4ad6,,google/gemini-flash-1.5-8b,fed_speaker_extraction
2025-06-10T15:07:29.314879,7cae561fb10f6d62,,google/gemini-flash-1.5-8b,fed_speaker_extraction
2025-06-10T15:07:30.312203,f8e9b2dc76460aab,,google/gemini-flash-1.5-8b,fed_speaker_extraction
2025-06-10T15:07:31.406633,91f288eb19b7f76d,,google/gemini-flash-1.5-8b,fed_speaker_extraction
2025-06-10T15:07:32.452126,5ccc41088cb7777f,,google/gemini-flash-1.5-8b,fed_speaker_extraction
2025-06-10T15:07:33.346917,1c535386deb822cc,,google/gemini-flash-1.5-8b,fed_speaker_extraction
2025-06-10T15:07:34.562883,55c54ea49b44648d,,google/gemini-flash-1.5-8b,fed_speaker_extraction
2025-06-10T15:07:35.498340,c086207d1b7150c5,,google/gemini-flash-1.5-8b,fed_speaker_extraction
2025-06-10T15:07:36.649775,4f66c2ad06ca9d5e,,google/gemini-flash-1.5-8b,fed_speaker_extraction
2025-06-10T15:07:37.749807,00cb5709d5e8309a,,google/gemini-flash-1.5-8b,fed_speaker_extraction
2025-06-10T15:07:38.912360,93481ac305322f07,,google/gemini-flash-1.5-8b,fed_speaker_extraction
2025-06-10T15:07:39.853392,72f6b0e4cc80e34f,,google/gemini-flash-1.5-8b,fed_speaker_extraction
2025-06-10T15:07:40.743371,1a2d01400ece1076,,google/gemini-flash-1.5-8b,fed_speaker_extraction
2025-06-10T15:07:41.837073,f9c27f6366e48aaa,,google/gemini-flash-1.5-8b,fed_speaker_extraction
2025-06-10T15:07:42.909407,00d24e233b4ef4d1,,google/gemini-flash-1.5-8b,fed_speaker_extraction
2025-06-10T15:07:43.737470,2cf0d37e26bb747b,,google/gemini-flash-1.5-8b,fed_speaker_extraction
2025-06-10T15:07:44.485021,ec9351500d87a68b,,google/gemini-flash-1.5-8b,fed_speaker_extraction
2025-06-10T15:07:45.448224,cc4215e2565a221e,,google/gemini-flash-1.5-8b,fed_speaker_extraction
2025-06-10T15:07:46.639699,af5cac4c61cb8541,,google/gemini-flash-1.5-8b,fed_speaker_extraction
2025-06-10T15:07:47.562939,dcbb330c911534bd,,google/gemini-flash-1.5-8b,fed_speaker_extraction
2025-06-10T15:07:48.650838,c03aba599ddb9138,,google/gemini-flash-1.5-8b,fed_speaker_extraction
2025-06-10T15:07:49.781810,fc461cea270f4551,,google/gemini-flash-1.5-8b,fed_speaker_extraction
2025-06-10T15:07:50.726343,23aabee7debc0aaa,,google/gemini-flash-1.5-8b,fed_speaker_extraction
2025-06-10T15:07:51.912291,0e4260b5221f1248,,google/gemini-flash-1.5-8b,fed_speaker_extraction
2025-06-10T15:07:52.816568,f860d0bf6807c8a1,,google/gemini-flash-1.5-8b,fed_speaker_extraction
2025-06-10T15:07:53.919615,de3288919b96e17e,,google/gemini-flash-1.5-8b,fed_speaker_extraction
2025-06-10T15:07:54.601837,6d88c21381e2023f,,google/gemini-flash-1.5-8b,fed_speaker_extraction
2025-06-10T15:07:55.192534,8797de8982d03f9c,,google/gemini-flash-1.5-8b,fed_speaker_extraction
2025-06-10T15:07:56.427502,02f1ccd7de229940,,google/gemini-flash-1.5-8b,fed_speaker_extraction
2025-06-10T15:07:57.312641,47e507809cef9ab3,,google/gemini-flash-1.5-8b,fed_speaker_extraction
2025-06-10T15:07:58.655447,3c989385602d0724,,google/gemini-flash-1.5-8b,fed_speaker_extraction
2025-06-10T15:08:00.448404,c3bc5a0a1a9e8975,,google/gemini-flash-1.5-8b,fed_speaker_extraction
2025-06-10T15:08:01.939058,f11231e830a57438,,google/gemini-flash-1.5-8b,fed_speaker_extraction
2025-06-10T15:08:02.724480,6a66f7a67a657d98,,google/gemini-flash-1.5-8b,fed_speaker_extraction
2025-06-10T15:08:03.687621,20f867c7f8da60a3,,google/gemini-flash-1.5-8b,fed_speaker_extraction
2025-06-10T15:08:04.802401,c02ed6f1910503f5,,google/gemini-flash-1.5-8b,fed_speaker_extraction
2025-06-10T15:08:05.715777,07d4c909718cce6b,,google/gemini-flash-1.5-8b,fed_speaker_extraction
2025-06-10T15:08:06.794107,95023ecd63932cc9,,google/gemini-flash-1.5-8b,fed_speaker_extraction
2025-06-10T15:08:07.946921,3cee783b55cff6bd,,google/gemini-flash-1.5-8b,fed_speaker_extraction
